Day_Name,Range_Pips_mean,Range_Pips_std,Body_Pips_mean,Bullish_Ratio
Sunday,221.19298107255523,93.03284458561002,110.525,0.5141955835962145
